Indie Rock Eras ,Year,Albums,Act,Genre,Sub-genre,Score,Special Mention,Decade,Counts
Country-gaze,2026,Euphoria Bound,Shackleton,Electronic,,8.5,,,
,2026,URGH,"Mandy, Indiana",Electronic,,8.5,,,
,2025,LUX,Rosalia,Pop/R&B,,9,,,
,2025,Eusexua/Eusexua Afterglow,FKA Twigs,Electronic,,9,,2020s,200
,2025,Virgin,Lorde,Pop/R&B,,8,,,
,2025,For Melancholy Brunettes (& Sad Women),Japanese Breakfast,"Rock, Folk",,7.5,,,
,2025,Forever is a Feeling,Lucy Dacus,"Folk, Rock",,6.5,,,
,2024,Brat,Charli xcx,"Electronic, Pop/R&B",,9,,2010s,149
,2024,Here in the pitch,Jessica Pratt,Folk,Psychedelic folk,9,,1970s,92
,2024,ORQUIDEAS,Kali Uchis,Pop/R&B,Latin pop,9,,1990s,122
,2024,Piedras 1&2,Nicolas Jaar,Electronic,,9,,1960s,56
,2024,What Now,Brittany Howard,Rock,,8.5,,1980s,63
,2024,Diamond Jubilee,Cindy Lee,Rock,,8.5,,2000s,184
,2024,Feats of Engineering,fantasy of a broken heart,Rock,,8.5,,,
,2024,Mashmashana,Father John Misty,Rock,,8.5,,,
,2024,"Where we’ve been, Where we go from here",Friko,Rock,,8.5,,,
,2024,Seed of a seed,Haley Heynderickx,Folk,,8.5,,,
,2024,PHASOR,Helado Negro,"Folk, Electronic",Folktronica,8.5,,,
,2024,The Waves,Jamie xx,Electronic,,8.5,,,
,2024,The Collective,Kim Gordon,"Rock, Experimental",Industrial,8.5,,,
,2024,Endlessness,Nala Sinephro,Jazz,Ambient,8.5,,,
,2024,My method actor,Nilufer Yanya,Rock,,8.5,,,
,2024,Small Medium Large,SML,Jazz,,8.5,,,
,2024,Challengers Movie Soundtrack,Trent Reznor & Atticus Ross,Original soundtrack,Techno,8.5,,,
,2024,Bright Future,Adrianne Lenker,Folk,,8,,,
,2024,COWBOY CARTER,Beyonce,"Pop/R&B, Country",,8,,,
,2024,Hit me hard and soft,Billie Eilish,Pop/R&B,,8,,,
,2024,"My Light, My Destroyer",Cassandra Jenkins,"Folk, Rock",,8,,,
,2024,Charm,Clairo,Pop/R&B,,8,,,
,2024,Patterns in repeat,Laura Marling,Folk,,8,,,
,2024,Virgin,Lorde,Pop/R&B,,8,,,
,2024,Imaginal Disk,Magdalena Bay,"Pop/R&B, Electronic",,8,,,
,2024,Manning fireworks,MJ Lenderman,Rock,Alt-Country,8,,,
,2024,Short n' sweet,Sabrina Carpenter,Pop/R&B,,8,,,
,2024,All born screaming,St. Vincent,Rock,,8,,,
,2024,"The Pilgrim, Their God and the King of My Decrepit Mountain",Tapir!,Folk,Folktronica,8,,,
,2024,Spiral in a straight line,Touche Amore,Rock,"Post-hardcore, Screamo",8,,,
,2024,Tigers Blood,Waxahatchee,"Rock, Country","Southern rock, Alt-country",8,,,
,2024,Triple Seven,Wishy,Rock,,8,,,
,2024,Eternal Sunshine,Ariana Grande,Pop/R&B,,7.5,,,
,2024,LANA,SZA,Pop/R&B,,7.5,,,
,2024,Tortured Poets Department,Taylor Swift,Pop/R&B,,6,,,
,2023,My Back Was A Bridge For You To Cross,ANOHNI and the Johnsons,"Folk, Rock","Chamber pop, Soul",9,,,
,2023,Did you know that there's a tunnel under Ocean Blvd ,Lana Del Rey,Pop/R&B,Chamber pop,9,,,
,2023,Javelin,Sufjan Stevens,"Folk, Electronic",Folktronica,9,,,
,2023,Maps,"billy woods, Kenny Segal",Hip-hop,Abstract Hip-hop,8.5,,,
,2023,Girl with Fish,feeble little horse,Rock,"Indie rock, Noise pop",8.5,,,
,2023,Multitudes,Feist,"Rock, Folk",Indie rock,8.5,,,
,2023,Romantic Piano,Gia Margaret,Electronic,Ambient,8.5,,,
,2023,I Killed Your Dog,L'Rain,Rock,Art pop,8.5,,,
,2023,Atlas,Laurel Halo,Electronic,Ambient,8.5,,,
,2023,Beloved! Paradise! Jazz!?,Mickinley Dixon,Hip-hop,Jazz rap,8.5,,,
,2023,The Land is Inhospitable and so are we,Mitski,"Folk, Country","Chamber pop, Americana",8.5,,,
,2023,Dogsbody,Model/Actriz,Rock,Industrial rock,8.5,,,
,2023,Lahai,Sampha,Pop/R&B,Alt-R&B,8.5,,,
,2023,Rat Saw God,Wednesday,Rock,"Indie rock, Alt-country",8.5,,,
,2023,The King,Anjimile,Folk,Singer-songwriter,8,,,
,2023,The Loveliest Time,Carly Rae Jepsen,Pop/R&B,Synthpop,8,,,
,2023,Water made us,Jamila Woods,Pop/R&B,Alt R&B,8,,,
,2023,That! Feels Good!,Jessie Ware,Pop/R&B,Disco,8,,,
,2023,Scaring the hoes,"JPEGMAFIA, Danny Brown",Hip-hop,Alt Hip-hop,8,,,
,2023,The Greater Wings,Julie Byrne,Folk,"Singer-songwriter, Ambient",8,,,
,2023,Red Moon In Venus,Kali Uchis,Pop/R&B,"Alt R&B, Latin Soul",8,,,
,2023,Why does the earth give us people to love?,Kara Jackson,Folk,,8,,,
,2023,Raven,Kelela,"Pop/R&B, Electronic","Ambient, House",8,,,
,2023,Girl in the half pearl,Liv.e,Pop/R&B,Alt R&B ,8,,,
,2023,Strange Disciple,Nation of Language,Electronic,Synthpop,8,,,
,2023,Erotic Probiotic 2,Nourished by time,Pop/R&B,Sophistipop,8,,,
,2023,GUTS,Olivia Rodrigo,Pop/R&B,Pop punk,8,,,
,2023,Killers of the flower moon soundtrack,Robbie Robertson,Original soundtrack,Folk rock,8,,,
,2023,Everything is alive,Slowdive,Rock,Dream pop,8,,,
,2023,UGLY,Slowthai,Hip-hop,Alt Hip-hop,8,,,
,2023,Madres,Sofia Kourtesis,Electronic,Deep house,8,,,
,2023,I'm not there anymore,The Clientele,Rock,Indie pop,8,,,
,2023,Vidrio,Titanic,"Electronic, Jazz",,8,,,
,2023,Everyone's crushed,Water from your eyes,Rock,Indie pop,8,,,
,2023,Like a Hammer,Yaeji,"Pop/R&B, Electronic","Ambient, House",8,,,
,2023,This stupid world,Yo La Tengo,Rock,Indie rock,8,,,
,2023,Sit down for dinner,Blonde Redhead,Rock,"Dream pop, Shoegaze",7.5,,,
,2023,The record,Boygenius,Rock,Indie rock,7.5,,,
,2023,"Desire, I want to turn into you",Caroline Polachek,Pop/R&B,Art pop,7.5,,,
,2023,I inside the old year dying,PJ Harvey,"Folk, Rock",Singer-songwriter,7.5,,,
,2023,Cousin,Wilco,Rock,Americana,7.5,,,
,2022,Dragon New Warm Mountain I Believe In You,Big Thief,"Country, Folk, Rock","Americana, Indie folk",9.5,,,
,2022,I Love You Jennifer B,Jockstrap,"Electronic, Pop/R&B",,9.5,,,
,2022,Natural Brown Prom Queen,Sudan Archives,Pop/R&B,Progressive R&B,9.5,,,
,2022,RENAISSANCE,Beyonce,Pop/R&B,House,9,,,
,2022,Ants From Up There,"Black Country, New Road",Rock,Baroque pop,9,,,
,2022,GOLD,Alabaster DePlume,"Folk, Jazz",,8.5,,,
,2022,Blue Rev,Alvvays,Rock,"Dream pop, Jangle pop, Shoegaze",8.5,"""Belinda Says""",,
,2022,Melt my eyez see your future,Denzel Curry,Hip-hop,,8.5,,,
,2022,Most Normal,Gilla Band,Rock,,8.5,,,
,2022,The forever story,JID,Hip-hop,,8.5,,,
,2022,!Ay!,Lucrecia Dalt,Electronic,,8.5,,,
,2022,De todas las flores,Natalia Lafourcade,"Jazz, Pop/R&B",,8.5,,,
,2022,Cherry,Daphni,Electronic,,8.5,,,
,2022,Painless,Nilufer Yanya,Rock,Indie rock,8.5,,,
,2022,Motomami,Rosalia,Pop/R&B,,8.5,,,
,2022,Few Good Things,Saba,Hip-hop,,8.5,,,
,2022,Sons of,Sam Prekop/John McEntire,Electronic,,8.5,,,
,2022,SOS,SZA,Pop/R&B,,8.5,,,
,2022,A Light for Attracting Attention,The Smile,Rock,,8.5,,,
,2022,"And in the Darkness, Hearts Aglow",Weyes Blood,"Pop/R&B, Rock",,8.5,,,
,2022,Warm Chris,Aldous Harding,,Baroque pop,8,,,
,2022,God Save the Animals,Alex G,Rock,Indie rock,8,,,
,2022,The Dream,Alt-J,Rock,Indie rock,8,,,
,2022,Big Time,Angel Olsen,"Country, Folk",Americana,8,,,
,2022,Time Skiffs,Animal Collective,"Electronic, Rock",,8,,,
,2022,Once Twice Melody,Beach House,Rock,Dream pop,8,,,
,2022,Weather Alive,Beth Orton,Electronic,,8,,,
,2022,The Loneliest Time,Carly Rae Jepsen,Pop/R&B,,8,,,
,2022,Heatland,Cass McCombs,Folk,,8,,,
,2022,Pompeii,Cate Le Bon,"Pop/R&B, Rock",Art pop,8,,,
,2022,Crash,Charli XCX,Pop/R&B,,8,,,
,2022,Dissolution Wave,Cloakroom,Rock,"Post hardcore, Shoegaze",8,,,
,2022,LABYRINTHITIS,Destroyer,Rock,,8,,,
,2022,Caprisongs,FKA Twigs,Pop/R&B,,8,,,
,2022,Florist,Florist,Folk,Ambient,8,,,
,2022,Boat Songs,MJ Lenderman,Rock,,8,,,
,2022,Reset,Panda Bear/Sonic Boom,Electronic,,8,,,
,2022,It’s almost dry,Pusha T,Hip-hop,,8,,,
,2022,Air,Sault,Electronic,,8,,,
,2022,"Sometimes, Forever",Soccer Mommy,Rock,"Bedroom pop, Indie rock",8,,,
,2022,Diaspora Problems,Soul Glo,Rock,,8,,,
,2022,"Finally, New",They Hate Change,Hip-hop,,8,,,
,2022,i don’t know who needs to hear this,Tomberlin,Folk,,8,,,
,2022,Ramona Park Break My Heart,Vince Staples,Hip-hop,,8,,,
,2022,Cruel Country,Wilco,Rock,Americana,8,,,
,2022,Blue Skies,Dehd,Rock,,7.5,,,
,2022,together,Duster,Rock,slowcore,7.5,,,
,2022,SICK!,Earl Sweatshirt,Hip-hop,Abstract hip-hop,7.5,,,
,2022,The Boy Named If,Elvis Costello and the Imposters,Rock,Singer-songwriter,7.5,,,
,2022,Chloe and the 20th Century,Father John Misty,Rock,Chamber pop,7.5,,,
,2022,(watch my moves),Kurt Vile,Rock,Soft rock,7.5,,,
,2022,Laurel Hell,Mitski,Rock,Indie rock,7.5,,,
,2022,Havasu,Pedro and the Lion,,Singer-songwriter,7.5,,,
,2022,11:11,Pinegrove,Rock,Indie rock,7.5,,,
,2022,We’ve been going about this all wrong,Sharon van Etten,Rock,Singer-songwriter,7.5,,,
,2022,Lucifer on the Sofa,Spoon,Rock,Blues Rock,7.5,,,
,2022,Halleluyah Hellyeah,String Machine,"Folk, Rock",,7.5,,,
,2022,How is it that I should look at the stars,The Weather Station,"Folk, Jazz",,7.5,,,
,2022,The Overload,Yard Act,Rock,"Britpop, Post Punk",7.5,,,
,2022,Cool it down,Yeah Yeah Yeahs,Rock,,7.5,,,
,2022,WE,Arcade Fire,Rock,,7,,,
,2022,Midnights,Taylor Swift,Pop/R&B,,7,,,
,2022,Dawn FM,The Weeknd,Pop/R&B,Synthpop,7,,,
,2022,Wet Leg,Wet Leg,Rock,,7,,,
Singer-songwriter Revival (Phase II: Folk),2021,For the First Time,"Black Country, New Road",Rock,"Post Punk, Post Rock",9,,,
,2021,By the Time I Get to Phoenix,Injury Reserve,Hip-hop,Abstract hip-hop,9,,,
,2021,An Overview on Phenomenal Nature,Cassandra Jenkins,Folk,Singer-songwriter,8.5,"""Hard Drive""",,
,2021,Jubilee,Japanese Breakfast,"Pop/R&B, Rock",Indie pop,8.5,,,
,2021,LP!,JPEGMAFIA,Hip-hop,"Abstract hip-hop, Alternative hip-hop",8.5,,,
,2021,Sometimes I Might Be Introvert,Little Simz,Hip-hop,,8.5,,,
,2021,HEY WHAT,Low,"Experimental, Rock","Indie rock, Noise rock",8.5,,,
,2021,Mercurial World,Magdalena Bay,Pop/R&B,Synthpop,8.5,,,
,2021,"Entertainment, Death",Spirit of the Beehive,Rock,Psychedelic rock,8.5,,,
,2021,Call me if you get lost,"Tyler, the Creator",Hip-hop,,8.5,,,
,2021,KicK i-v,Arca,"Experimental, Pop/R&B",Glitch,8,,,
,2021,Happier than Ever,Billie Eilish,Pop/R&B,,8,,,
,2021,New Long Leg,Dry Cleaning,Rock,"Art punk, Post Punk",8,,,
,2021,I know I’m funny haha,Faye Webster,Folk,,8,,,
,2021,Fun House,Hand Habits,"Folk, Rock",Indie folk,8,,,
,2021,Far In,Helado Negro,Electronic,,8,,,
,2021,A Martyr’s Reward,Ka,Hip-hop,Abstract hip-hop,8,,,
,2021,Chemtrails over the Country Club,Lana Del Rey,Pop/R&B,Singer-songwriter,8,,,
,2021,Home Video,Lucy Dacus,"Folk, Rock",Singer-songwriter,8,,,
,2021,Pray for Haiti,Mach-Hommy,Hip-hop,Abstract hip-hop,8,,,
,2021,JUNO,Remi Wolf,Pop/R&B,Synthpop,8,,,
,2021,Drunk Tank Pink,Shame,Rock,Post Punk,8,,,
,2021,Valentine,Snail Mail,Rock,,8,,,
,2021,Daddy’s Home,St. Vincent,Rock,Indie rock,8,,,
,2021,I Don’t Live Here Anymore,The War on Drugs,Rock,Alternative rock,8,,,
,2021,Ignorance,The Weather Station,Folk,Singer-songwriter,8,,,
,2021,GLOW ON,Turnstile,Rock,Post hardcore,8,,,
,2021,Cavalcade,black midi,Rock,"Post Punk, Progressive Rock",7.5,,,
,2021,Blue Banisters,Lana Del Rey,Pop/R&B,Singer-songwriter,7.5,,,
,2021,Barn,Neil Young & Crazy Horse,"Folk, Rock",Folk rock,7.5,,,
,2021,SOUR,Olivia Rodrigo,Pop/R&B,Pop punk,7.5,,,
,2021,XVI,Seafoam Wells,Rock,"Bedroom pop, Shoegaze",7.5,,,
,2021,"Things take time, take time",Courtney Barnett,"Folk, Rock",Singer-songwriter,7,,,
,2021,Apoptosis,Inner Wave,Rock,Indie rock,7,,,
,2021,Solar Power,Lorde,Pop/R&B,,7,,,
,2021,Half God,Wiki,Hip-hop,Abstract hip-hop,7,,,
,2021,Seek Shelter,Iceage,Rock,Punk rock,6.5,,,
,2021,Sympathy for Life,Parquet Courts,Rock,Post Punk,6.5,,,
,2020,songs/instrumentals,Adrianne Lenker,Folk,Singer-songwriter,9,,,
,2020,how I’m feeling now,Charli XCX,"Pop/R&B, Electronic","Electropop, Hyperpop",9,"""visions""",,
,2020,Fetch the Bolt Cutters,Fiona Apple,Pop/R&B,Art pop,9,,,
,2020,Punisher,Phoebe Bridgers,"Folk, Rock",Indie folk,9,,,
,2020,Saint Cloud,Waxahatchee,"Country, Folk, Rock",Folk rock,9,,,
,2020,アダンの風,青葉市子,Folk,"Chamber pop, Ambient",8.5,,,
,2020,"Women in Music, Part III",HAIM,Pop/R&B,,8.5,,,
,2020,Hannah,Lomelda,"Folk, Rock",Singer-songwriter,8.5,,,
,2020,folklore,Taylor Swift,"Folk, Pop/R&B",,8.5,,,
,2020,evermore,Taylor Swift,"Folk, Pop/R&B",,8.5,,,
,2020,Sin Miedo,Kali Uchis,Pop/R&B,R&B,8,,,
,2020,SAWAYAMA,Rina Sawayama,Pop/R&B,,8,,,
,2020,color theory,Soccer Mommy,Rock,,8,,,
,2020,The Slow Rush,Tame Impala,Rock,,7,,,
,2020,Whole Lotta Red,Playboi Carti,Hip-hop,trap,6.5,,,
,2019,MAGDALENE,FKA Twigs,Electronic,"Glitch, Art pop",9.5,,,
,2019,Norman Fucking Rockwell!,Lana Del Rey,Pop/R&B,Singer-songwriter,9.5,,,
,2019,IGOR,"Tyler, the Creator","Hip-hop, Pop/R&B",Neo-soul,9.5,,,
,2019,Titanic Rising,Weyes Blood,"Folk, Rock","Baroque pop, Singer-songwriter",9.5,,,
,2019,All Mirrors,Angel Olsen,"Rock, Pop",Baroque pop,9,,,
,2019,U.F.O.F.,Big Thief,"Folk, Rock",Indie folk,9,,,
,2019,LEGACY! LEGACY!,Jamila Woods,Pop/R&B,Neo-soul,9,"""Betty""",,
,2019,Better Oblivion Community Center,Better Oblivion Community Center,"Folk, Rock",Singer-songwriter,8.5,,,
,2019,Uncut Gems Soundtrack,Daniel Lopatim,"Electronic, Original soundtrack",,8.5,,,
,2019,This is How You Smile,Helado Negro,Folk,Indie folk,8.5,,,
,2019,Quiet Signs,Jessica Pratt,Folk,,8.5,,,
,2019,When I Get Home,Solange,Pop/R&B,"Neo-soul, R&B",8.5,,,
,2019,1000 Gecs,100 Gecs,"Experimental, Pop/R&B","Glitch, Hyperpop",8,,,
,2019,House of Sugar,Alex G,"Folk, Rock","Indie pop, Psychedelic rock",8,,,
,2019,Two Hands,Big Thief,"Folk, Rock",,8,,,
,2019,Charli,Charli XCX,Pop/R&B,"Electropop, Hyperpop",8,,,
,2019,Immunity,Clairo,Pop/R&B,Bedroom pop,8,,,
,2019,Remind me Tomorrow,Sharon van Etten,"Folk, Rock",Singer-songwriter,8,"""Seventeen""",,
,2019,when we fall asleep where do we go,Billie Eilish,Pop/R&B,,7.5,,,
,2019,Lover,Taylor Swift,Pop/R&B,,7.5,,,
"Singer-songwriter Revival (Phase I: Rock)


",2018,Phantom Thread Movie Soundtrack,Jonny Greenwood,Original soundtrack,,9.5,,,
,2018,7,Beach House,Rock,Dream pop,9,,,
,2018,Honey,Robyn,Pop/R&B,,9,,,
,2018,Twin Fantasy,Car Seat Headrest,Rock,Indie rock,9,,,
,2018,Isolation,Kali Uchis,Pop/R&B,Neo-soul,9,,,
,2018,If Beale Street Could Talk,Nicholas Britell,Original soundtrack,,9,,,
,2018,El Mal Querer,Rosalia,"Pop/R&B, World",,9,,,
,2018,abysskiss,Adrianne Lenker,Folk,Singer-songwriter,8.5,,,
,2018,Freedom,Amen Dunes,Rock,,8.5,,,
,2018,Boygenius EP,Boygenius,"Folk, Rock",,8.5,,,
,2018,Some Rap Songs,Earl Sweatshirt,Hip-hop,Abstract hip-hop,8.5,,,
,2018,I Need to Start a Garden,Hayley Heynderickx,Folk,,8.5,,,
,2018,Veteran,JPEGMAFIA,Hip-hop,"Abstract hip-hop, Alternative hip-hop",8.5,,,
,2018,Golden Hour,Kacey Musgraves,Country,Country pop,8.5,,,
,2018,Lance,Ninos del cerro,Rock,Shoegaze,8.5,,,
,2018,Lost & Found,Jorja Smith,Pop/R&B,,8,,,
,2018,Historian,Lucy Dacus,Rock,,8,"""Night Shift""",,
,2018,Be The Cowboy,Mitski,"Pop/R&B, Rock",Synthpop,8,,,
,2018,Lush,Snail Mail,Rock,,8,,,
,2018,All Nerve,The Breeders,Rock,,8,,,
,2018,God’s Favorite Customer,Father John Misty,"Folk, Rock",Singer-songwriter,7.5,,,
,2018,Hypnic Jerks,Spirit of the Beehive,Rock,Psychedelic rock,7.5,,,
,2017,Melodrama,Lorde,Pop/R&B,Synthpop,10,,,
,2017,Capacity,Big Thief,Rock,Indie rock,9.5,,,
,2017,Ctrl,SZA,Pop/R&B,Alternative R&B,9.5,,,
,2017,Soft Sounds from Another Planet,Japanese Breakfast,Rock,,9,,,
,2017,Masseduction,St. Vincent,Pop/R&B,"Synthpop, glam rock",9,,,
,2017,Flower Boy,"Tyler, the Creator","Hip-hop, Pop/R&B",,9,,,
,2017,Big Fish Theory,Vince Staples,"Hip-hop, Electronic",,9,,,
,2017,Antisocialites,Alvvays,Rock,surf rock,8.5,,,
,2017,Pop 2,Charli XCX,Pop/R&B,,8.5,,,
,2017,Everybody works,Jay Som,Rock,,8.5,,,
,2017,04:44,Jay-Z,Hip-hop,,8.5,,,
,2017,Slowdive,Slowdive,Rock,"Shoegaze, dreampop",8.5,,,
,2017,Lust for Life,Lana Del Rey,Pop/R&B,,7,,,
,2017,Everything Now,Arcade Fire,Rock,,6.5,,,
,2016,MY WOMAN,Angel Olsen,Rock,Art rock,9.5,,,
,2016,Blonde,Frank Ocean,Pop/R&B,"Art pop, Neo soul",9.5,,,
,2016,Puberty 2,Mitski,Rock,Alternative rock,9.5,,,
,2016,Wildflower,The Avalanches,"Electronic, Hip-hop",Plunderphonics,9.5,,,
,2016,Freetown Sound,Blood Orange,Pop/R&B,Alt-R&B,9,,,
,2016,"22, A Million",Bon Iver,"Electronic, Folk",Folktronica,9,,,
,2016,Atrocity Exhibition,Danny Brown,Hip-hop,,9,,,
,2016,ANTI,Rihanna,Pop/R&B,,9,,,
,2016,Masterpiece,Big Thief,Rock,,8.5,,,
,2016,Teens of Denial,Car Seat Headrest,Rock,,8.5,,,
,2016,A Seat at the Table,Solange,Pop/R&B,"Neo-soul, R&B",8.5,,,
,2016,A Moon Shaped Pool,Radiohead,Rock,,8,,,
,2016,From Row Seat to Earth,Weyes Blood,Folk,Psychedelic pop,8,,,
,2016,Psychopomp,Japanese Breakfast,Rock,"Indie rock, Dream pop",7.5,,,
,2016,Starboy,The Weeknd,Pop/R&B,,7.5,,,
Indie Poptimism,2015,Depression Cherry,Beach House,Rock,Dream pop,9.5,,,
,2015,To Pimp a Butterfly,Kendrick Lamar,Hip-hop,,9.5,,,
,2015,Sound & Color,Alabama Shakes,Rock,Blues rock,9,,,
,2015,"Sometimes I Sit And Think, And Sometimes I Just Sit",Courtney Barnett,Rock,,9,,,
,2015,I Love You Honeybear,Father John Misty,Rock,Chamber pop,9,,,
,2015,Divers,Joanna Newsom,Folk,Americana,9,,,
,2015,Hasta La Raiz,Natalia Lafourcade,"Jazz, Pop/R&B",,9,,,
,2015,Summertime '06,Vince Staples,Hip-hop,,9,,,
,2015,Thank Your Lucky Stars,Beach House,Rock,"Dream pop, Shoegaze",8.5,,,
,2015,Emotion,Carly Rae Jepsen,Pop/R&B,Synthpop,8.5,,,
,2015,Art Angels,Grimes,"Electronic, Pop/R&B",,8.5,,,
,2015,On your own love again,Jessica Pratt,Folk,,8.5,,,
,2015,St. Catherine,Ducktails,Rock,Chillwave,8,,,
,2015,Honeymoon,Lana Del Rey,Pop/R&B,Chamber pop,8,,,
,2015,Primrose Green,Ryley Walker,"Folk, Rock",,8,,,
,2014,LP1,FKA Twigs,Electronic,,9,,,
,2014,Salad Days,Mac DeMarco,Rock,,9,,,
,2014,Bury Me at Makeout Creek,Mitski,"Folk, Rock",Singer-songwriter,9,,,
,2014,To Be Kind,Swans,"Experimental, Rock","Experimental Rock, Post Rock",9,,,
,2014,Hours were the birds,Adrianne Lenker,Folk,,8.5,,,
,2014,Syro,Aphex Twin,Electronic,,8.5,,,
,2014,Pom Pom,Ariel Pink,Rock,,8.5,,,
,2014,Ruins,Grouper,Electronic,,8.5,,,
,2014,Ultraviolence,Lana Del Rey,"Pop/R&B, Rock",Dream pop,8.5,,,
,2014,Benji,Sun Kil Moon,Folk,,8.5,,,
,2014,1989,Taylor Swift,Pop/R&B,,8.5,,,
,2014,Burn your fire for no witness,Angel Olsen,Rock,Slacker rock,8,,,
,2014,St. Vincent,St. Vincent,Rock,,8,,,
,2013,Random Access Memories,Daft Punk,Electronic,,9.5,,,
,2013,BEYONCE,Beyonce,Pop/R&B,Alt-R&B,9,,,
,2013,"Night Time, My Time",Sky Ferreira,Pop/R&B,Synthpop,9,,,
,2013,Modern Vampires Of The City,Vampire Weekend,Rock,Indie pop,9,,,
,2013,Reflektor,Arcade Fire,Rock,,8.5,,,
,2013,Cupid Deluxe,Blood Orange,Pop/R&B,"Synthfunk, Synthpop",8.5,,,
,2013,Candy Claws,Ceres and Calypso in Deep Time,Rock,Shoegaze,8.5,,,
,2013,II,Unknown Mortal Orchestra,Rock,Psychedelic rock,8.5,,,
,2013,Pure Heroine,Lorde,Pop/R&B,Electropop,8,,,
,2013,"Retired from Sad, New Career in Business",Mitski,Pop/R&B,Baroque pop,8,,,
,2013,True Romance,Charli XCX,"Electronic, Pop/R&B",,7,,,
,2012,The Idler Wheel,Fiona Apple,Pop/R&B,Singer-songwriter,9.5,,,
,2012,Channel ORANGE,Frank Ocean,Pop/R&B,"Progressive Soul, R&B",9.5,,,
,2012,Lonerism,Tame Impala,Rock,Psychedelic rock,9,,,
,2012,Trick,Alex G,Rock,Indie rock,8.5,,,
,2012,Lush,Mitski,Pop/R&B,Art pop,8.5,,,
,2012,Visions,Grimes,"Electronic, Pop/R&B",Synthpop,8.5,,,
,2012,Jessica Pratt,Jessica Pratt,Folk,,8.5,,,
,2012,Born To Die/Paradise,Lana Del Rey,Pop/R&B,Chamber pop,8.5,,,
,2012,Just Married,Glocca Morra,Rock,Midwest emo,8,,,
,2012,Red,Taylor Swift,"Pop/R&B, Country",,8,,,
,2012,Half way home,Angel Olsen,Folk,,7.5,,,
,2012,Bloom,Beach House,Rock,,7.5,,,
,2012,Something,Chairlift,Pop/R&B,Electropop,7.5,,,
Late Indiesleaze,2011,Helplessness Blues,Fleet Foxes,Folk,"Progressive folk, Baroque pop",9,,,
,2011,A I A II: Alien Observer,Grouper,Electronic,Ambient,9,,,
,2011,Strange Mercy,St. Vincent,Rock,,9,,,
,2011,Strange Cacti EP,Angel Olsen,Folk,Psychedelic folk,8.5,,,
,2011,Bon Iver,Bon Iver,"Electronic, Folk, Rock",Folktronica,8.5,,,
,2011,Kaputt,Destroyer,Rock,,8.5,,,
,2011,"Father, Son, Holy Ghost",Girls,Rock,Indie rock,8.5,,,
,2011,"Hurry up, we are dreaming",M83,Rock,Synthpop,8.5,,,
,2011,Floral Shoppe,Macintosh Plus,Pop/R&B,Vaporwave,8.5,,,
,2011,Replica,Oneohtrix Point Never,Electronic,,8.5,,,
,2011,"Ravedeath, 1972",Tim Hecker,Electronic,Ambient,8.5,,,
,2011,The King of Limbs,Radiohead,"Electronic, Rock",,8,,,
,2011,Centipede Hz,Animal Collective,Electronic,,6.5,,,
,2010,The Suburbs,Arcade Fire,Rock,,9.5,,,
,2010,Have One On Me,Joanna Newsom,Folk,Progressive folk,9.5,,,
,2010,The Age of Adz,Sufjan Stevens,"Electronic, Folk",,9.5,,,
,2010,Teen Dream,Beach House,Rock,Dream pop,9,,,
,2010,Speak Now,Taylor Swift,"Country, Pop/R&B",,9,,,
,2010,Just Got Back From the Discomfort—We're Alright,The Brave Little Abacus,Rock,"Experimental Rock, Midwest emo",9,,,
,2010,Blake Mills,Blake Mills,Folk,Indie rock,8.5,,,
,2010,Congratulations,MGMT,Rock,,8.5,,,
,2010,Body Talk,Robyn,"Pop/R&B, Electronic",Electropop,8.5,"""Call your girlfriend""",,
,2010,Brothers,The Black Keys,Rock,,8.5,,,
,2010,Causers of This,Toro y Moi,"Electronic, Rock",Chillwave,8.5,,,
,2010,Epic,Sharon van Etten,Folk,Singer-songwriter,8,,,
,2010,Treats,Sleigh Bells,Rock,Noise rock,8,,,
High Indiesleaze,2009,Album,Girls,Rock,,9,,,
,2009,Rifts,Oneohtrix Point Never,"Electronic, Experimental",,9,,,
,2009,Merriweather Post Pavillion,Animal Collective,Electronic,,9,,,
,2009,xx,The xx,Rock,,9,,,
,2009,The Resistance,Muse,Rock,,8.5,,,
,2009,Farm,Dinosaur Jr.,Rock,,8.5,,,
,2009,Rate R,Rihanna,Pop/R&B,,8.5,,,
,2009,You will never know why,Sweet Trip,Rock,,8.5,,,
,2009,Veckatimest,Grizzly Bear,Folk,Psychedelic folk,8.5,,,
,2009,Get Color,HEALTH,Rock,Industrial rock,8.5,,,
,2009,Actor,St. Vincent,"Pop/R&B, Rock",Art pop,8.5,,,
,2009,Ashes Grammar,A Sunny Day in Glasgow,Rock,Shoegaze,8,,,
,2009,My Maudlin Career,Camera Obscura,Rock,Baroque pop,8,,,
,2009,Wolfgang Amadeus Phoenix,Phoenix,Rock,,8,,,
,2009,Where you go I go too,Lindstrøm,Electronic,,7.5,,,
,2009,Bitte Orca,The Dirty Projectors,Rock,,7.5,,,
,2008,Devotion,Beach House,Rock,"Dream pop, Shoegaze",9,,,
,2008,Third,Portishead,"Electronic, Rock",,9,,,
,2008,In Ghost Colours,Cut Copy,Electronic,,9,,,
,2008,Microcastle,Deerhunter,Rock,Shoegaze,9,,,
,2008,The Gemini Principle,dBridge,Electronic,Drum and Bass,9,,,
,2008,Dragging a Dead Deer Up the Hill,Grouper,"Folk, Electronic","Ambient, Dream pop",9,,,
,2008,Santigold,Santigold,Rock,,8.5,,,
,2008,Midtown 120 Blues,DJ Sprinkles,Electronic,Deep House,8.5,,,
,2008,Vampire Weekend,Vampire Weekend,"Rock, Pop/R&B",,8.5,,,
,2008,Clin d'oeil,Jazz Liberatroz,"Hip-hop, Jazz",Jazz rap,8.5,,,
,2008,Fleet Foxes,Fleet Foxes,Folk,,8.5,,,
,2008,Hercules & Love Affair,Hercules & Love Affair,Electronic,,8.5,,,
,2008,Deathconciousness,Have a Nice Life,Rock,,8,,,
,2008,Saturdays = Youth,M83,"Electronic, Rock",,8,,,
,2008,Soundboy Punishments,"Shackleton, Appleblim, Gatekeeper",Electronic,dubstep,8,,,
,2008,The Fame,Lady Gaga,Pop/R&B,,8,"""Poker Face""",,
,2008,Circus,Britney Spears,Pop/R&B,,7.5,"""Circus""",,
,2007,Kala,M.I.A.,"Electronic, Hip-hop, World",,9.5,,,
,2007,In Rainbows,Radiohead,Rock,,9.5,,,
,2007,Neon Bible,Arcade Fire,Rock,,9,,,
,2007,23,Blonde Redhead,Rock,"Dream pop, Shoegaze",9,,,
,2007,"For Emma, Forever Ago",Bon Iver,Folk,,9,,,
,2007,Blackout,Britney Spears,Pop/R&B,Electropop,9,,,
,2007,Boxer,The National,Rock,,9,,,
,2007,Sound of Silver,LCD Soundsystem,Electronic,,9,,,
,2007,Untrue,Burial,Electronic,Dubstep,9,,,
,2007,Oracular Spectacular,MGMT,Rock,,8.5,,,
,2007,The Reminder,Feist,"Pop/R&B, Rock",Indie pop,8.5,,,
,2007,Ga ga ga ga ga,Spoon,Rock,,8.5,,,
,2007,Marry Me,St. Vincent,"Folk, Pop/R&B","Art pop, Indie folk",8.5,,,
,2007,From Here We Go Sublime,The Field,Electronic,,8.5,,,
,2007,And the refinement of their decline,Stars of the Lid,Electronic,Ambient,8,,,
,2007,Person Pitch,Panda Bear,"Electronic, Pop/R&B",,8,,,
,2007,Andorra,Caribou,Electronic,,8,,,
,2007,Cross,Justice,Electronic,,8,,,
,2007,God Save the Clientele,The Clientele,Rock,Indie pop,8.5,,,
Early Indiesleaze,2006,Harmony in Ultraviolet,Tim Hecker,Electronic,,9,,,
,2006,Yellow House,Grizzly Bear,Folk,,9,,,
,2006,The Devil and God Are Raging Inside Me,Brand New,Rock,"Post-hardcore, Emo",9,,,
,2006,Ys,Joanna Newsom,Folk,Progressive folk,9,,,
,2006,The Black Parade,My Chemical Romance,Rock,Pop punk,9,,,
,2006,"Alright, Still",Lily Allen,Pop/R&B,,8.5,,,
,2006,Destroyer's Rubies,Destroyer,Rock,,8.5,,,
,2006,The Drift,Scott Walker,Experimental,,???,,,
,2006,FutureSex/LoveSounds,Justin Timberlake,Pop/R&B,,8.5,,,
,2006,Donuts,J Dilla,Hip-hop,,8.5,,,
,2006,So This Must be Goodbye,Junior Boys,"Electronic, Pop/R&B",,8.5,,,
,2006,B'Day,Beyonce,Pop/R&B,,8.5,,,
,2006,The Idiots Are Winning,James Holden,Electronic,,8.5,,,
,2006,Rather Ripped,Sonic Youth,Rock,,8.5,,,
,2006,Back to Black,Amy Winehouse,Pop/R&B,,8,,,
,2006,Loose,Nelly Furtado,Pop/R&B,,8,,,
,2006,Beach House,Beach House,Rock,"Dream pop, slowcore",8,,,
,2006,Let’s Get out of this Country,Camera Obscura,Rock,Baroque pop,8,,,
,2006,"Whatever People Say I Am, That's What I'm Not",Arctic Monkeys,Rock,,7,,,
,2006,Silent Shout,The Knife,Electronic,,6.5,,,
"""Chamber-folk-rock""",2005,华丽的冒险,陈绮贞,Pop/R&B,"Mandopop, Singer-songwriter",9,,,
,2005,Apologies to Queen Mary,Wolf Parade,Rock,Indie rock,9,"""Dinner Bells""",,
,2005,Modal Soul,Nujabes,Hip-hop,,9,,,
,2005,Feels,Animal Collective,"Electronic, Folk",,9.5,,,
,2005,Be,Common,Hip-hop,,9,,,
,2005,Late Registration,Kanye West,"Hip-hop, Pop/R&B",,9,,,
,2005,Illinois,Sufjan Stevens,"Folk, Pop/R&B",Baroque pop,9,,,
,2005,I Am a Bird Now,ANOHNI and the Johnsons,Rock,"Piano rock, Glam rock",8.5,,,
,2005,Tell me about the long dark path home,Newfound interests in Connecticut,Rock,,8.5,,,
,2005,Arular,M.I.A.,"Electronic, Hip hop",,8.5,,,
,2005,Tender Buttons,Broadcast,"Electronic, Rock",Experimental pop,8.5,,,
,2005,Clap Your Hands Say Yeah,Clap Your Hands Say Yeah,Rock,Indie rock,8.5,,,
,2005,Black Sheep Boy,Okkrevil River,Rock,Indie rock,8.5,,,
,2005,Extraordinary Machine,Fiona Apple,Pop/R&B,,8,,,
,2005,Picaresque,The Decemberist,Rock,,8,,,
,2005,III,Naoki Zushi,Folk,,8,,,
,2005,Robyn,Robyn,Pop/R&B,,8,,,
,2005,Confessions on a Dancefloor,Madonna,"Pop/R&B, Electronic",,7.5,"""Hang Up""",,
,2005,Up the Wolves,The Mountain Goats,Rock,,7.5,,,
,2005,Separation Sunday,The Hold Steady,Rock,,6.5,,,
,2004,Funeral,Arcade Fire,Rock,,10,"""Backseat""",,
,2004,Sung Tongs,Animal Collective,Folk,Freak folk,9,"""Visiting Friends""",,
,2004,Future Perfect,Autolux,Rock,Shoegaze,9,,,
,2004,Afrodisiac,Brandy,Pop/R&B,,9,,,
,2004,Smile,Brian Wilson,Pop/R&B,,9,,,
,2004,A Ghost is Born,Wilco,Rock,,9,,,
,2004,Venice,Fennesz,"Electronic, Experimental",,9,,,
,2004,The College Dropout,Kanye West,"Hip-hop, Pop/R&B",,9,,,
,2004,Piracy Funds Terrorism Mixtape,M.I.A.,"Electronic, Hip-hop, World",,9,,,
,2004,Summer of Abaddon,Pinback,Rock,math rock,8.5,,,
,2004,Birth Movie Soundtrack,Alexandre Desplat,Original soundtrack,,8.5,,,
,2004,Misery is a Butterfly,Blonde Redhead,Rock,,8.5,,,
,2004,Let it Die,Feist,"Pop/R&B, Rock",Indie pop,8.5,,,
,2004,Our Endlessly Numbered Days,Iron & Wine,Folk,,8.5,,,
,2004,The Milk-eyed Mender,Joanna Newsom,Folk,Freak folk,8.5,,,
,2004,Three Cheers for Sweet Revenge,My Chemical Romance,Rock,emo,8.5,,,
,2004,Sonic Nurse,Sonic Youth,Rock,,8.5,,,
,2004,Set Yourself On Fire,Stars,Rock,Indie pop,8.5,,,
,2004,Seven Swans,Sufjan Stevens,Folk,,8.5,,,
Post-punk revival,2003,加爾基 精液 栗ノ花,椎名林檎,Pop/R&B,Art pop,9.5,,,
,2003,Michigan,Sufjan Stevens,Folk,,9.5,,,
,2003,Velocity : Design : Comfort,Sweet Trip,"Electronic, Pop/R&B",,9.5,,,
,2003,Hail to the Thief,Radiohead,Rock,,9,"""There, There""",,
,2003,The Magnolia Electric co.,Songs: Ohia,"Rock, Country",Alt-country,9,"""Farewell Transmission""",,
,2003,Lesser Matters,The Radio Dept.,"Rock, Pop/R&B",Indie pop,9,,,
,2003,In the Zone,Britney Spears,Pop/R&B,Dance,8.5,"""Toxic""",,
,2003,Tasty,Kelis,Pop/R&B,Alt R&B,8.5,"""Milkshake""",,
,2003,Transfiguration of Vincent,M.Ward,Rock,,8.5,,,
,2003,I am the fun blame monster,Menomena,Rock,Indie rock,8.5,"""Oahu""",,
,2003,Speakerboxxx/Love Below,Outkast,Hip-hop,,8.5,"""Hey Ya""",,
,2003,Give up,The Postal Service,"Electronic, Pop/R&B",Indietronica,8.5,,,
,2003,Room on Fire,The Strokes,Rock,,8.5,,,
,2003,Fever to Tell,Yeah Yeah Yeahs,Rock,Post Punk,8.5,"""Maps""",,
,2003,Transatlanticism,Death Cab for Cutie,Rock,,8,"""Transatlanticism""",,
,2003,Echoes,The Rapture,Rock,,8,,,
,2003,Dangerously in Love,Beyonce,Pop/R&B,R&B,7.5,"""Crazy in love""",,
,2003,Who will cut our hair when we are gone?,The Unicorns,Rock,Indie rock,7.5,,,
,2003,Elephant,The White Stripes,Rock,,7.5,"""Seven Nation Army""",,
,2003,Quebec,Ween,Rock,,7,,,
,2002,Yankee Hotel Foxtrot,Wilco,"Country, Rock",Indie rock,10,,,
,2002,You Forgot It in People,Broken Social Scene,Rock,,9.5,,,
,2002,Geogaddi,Boards of Canada,Electronic,IDM,9,,,
,2002,Fantastic Damage,EL-P,Hip-hop,Abstract hip hop,9,,,
,2002,Lo que va a escandilar es el día,Jaime sin Tierra,Rock,Indie rock,9,,,
,2002,Highly Refined Pirates,Minus the Bear,Rock,Math rock,9,,,
,2002,Under Construction,Missy Elliott,"Pop/R&B, Hip-hop",,9,,,
,2002,The Hours Soundtrack,Philip Glass,Original soundtrack,,9,,,
,2002,Plays,Ekkehard Ehlers,Electronic,,8.5,,,
,2002,Songs about Jane,Maroon 5,"Rock, Pop/R&B",Funk rock,8.5,,,
,2002,Blacklisted,Neko Case,Folk,,8.5,,,
,2002,Full Moon,Brandy,Pop/R&B,,8.5,,,
,2002,Come Away with Me,Norah Jones,"Pop/R&B, Jazz",Vocal jazz,8.5,,,
,2002,Up the bracket,The Libertines,Rock,,8.5,,,
,2002,Siempre es Hoy,Gustavo Cerati,"Rock, Electronic",Indietronica,8,,,
,2002,The Disintegration Tapes,William Basinski,"Electronic, Experimental",Ambient,8,,,
,2002,Everyone Who Pretended to Like Me is Gone,The Walkmen,Rock,,8,,,
,2002,Stripped,Christina Aguilera,Pop/R&B,,7.5,,,
,2002,Turn on the bright lights,Interpol,Rock,,7.5,,,
,2002,They Threw Us All in a Trench and Stuck a Monument on Top,Liars,Rock,,7.5,,,
,2001,"The Glow, Part 2",The Microphones,"Folk, Rock",,9.5,,,
,2001,Leaves turn inside you,Unwound,Rock,Post-hardcore,9.5,"""Terminus""",,
,2001,Aaliyah,Aaliyah,Pop/R&B,R&B,9,,,
,2001,Vespertine,Bjork,"Electronic, Pop/R&B",,9,,,
,2001,Discovery,Daft Punk,"Electronic, Pop/R&B",,9,,,
,2001,Endless Summer,Fennesz,Electronic,,9,,,
,2001,Time (Revelator),Gillian Welch,Folk,,9,"""I Dream a Highway""",,
,2001,Things we lost in the fire,Low,Rock,Slowcore,9,"""Sunflower""",,
,2001,Amnesiac,Radiohead,Rock,,9,,,
,2001,Song in A minor,Alicia Keys,Pop/R&B,Soul,8.5,"""Fallin'""",,
,2001,Drukqs,Aphex Twin,Electronic,IDM,8.5,,,
,2001,Britney,Britney Spears,Pop/R&B,,8.5,"""I'm a Slave 4 U"" ",,
,2001,Fever,Kylie Minogue,Pop/R&B,Dance pop,8.5,,,
,2001,Toxicity,System of a Down,Metal,Hard rock,8.5,"""Chop Suey""",,
,2001,Is This It,The Strokes,Rock,"Garage rock, Post punk",8.5,,,
,2001,Take Offs and Landings,Rilo Kiley,Rock,,8,"""Pictures of Success""",,
,2001,Laundry Service,Shakira,"Pop/R&B, Rock",Pop rock,8,,,
,2001,Girls can tell,Spoon,Rock,Indie rock,8,,,
,2001,"Oh, Inverted World",The Shins,Rock,Indie rock,8,,,
,2001,White Blood Cells,The White Stripes,Rock,Blues rock,8,,,
Slacker Rock,2000,Like Water for Chocolate,Common,Hip-hop,"Jazz rap, Conscious hip-hop",9.5,,,
,2000,Mama's Gun,Erykah Badu,Pop/R&B,Neo-soul,9.5,,,
,2000,Kid A,Radiohead,"Electronic, Rock",Art rock,9.5,,,
,2000,Since I Left You,The Avalanches,"Electronic, Hip-hop",Plunderphonics,9.5,,,
,2000,Lift your skinny fists ...,Godspeed You! Black Emperor,Rock,Post rock,9,,,
,2000,Stankonia,Outkast,Hip-hop,Southern rap,9,"""Bombs over Baghdad""",,
,2000,Suburban Light,The Clientele,"Rock, Pop/R&B",Dream pop,9,,,
,2000,Bachelor No.2,Aimee Mann,"Rock, Pop/R&B","Pop rock, Singer-songwriter",8.5,"""How am I different""",,
,2000,Who is Jill Scott?,Jill Scott,"Pop/R&B, Jazz",Neo-soul,8.5,,,
,2000,"Stories from the city, stories from the sea",PJ Harvey,Rock,Alternative rock,8.5,"""Horses in my dreams""",,
,2000,Rated R,Queens of the stone age,Rock,Hard rock,8.5,,,
,2000,Music,Madonna,"Pop/R&B, Electronic","Trance, Electronica",8,"""What it feels like for a girl""",,
,2000,Oops...I did it again,Britney Spears,Pop/R&B,Teen pop,7,"""Lucky""",,
,1999,Keep It Like a Secret,Built to Spill,Rock,Alternative rock,9.5,,,
,1999,When the Pawn hits he thinks like a king...,Fiona Apple,"Pop/R&B, Rock",Piano rock,9.5,,,
,1999,American Football,American Football,Rock,Midwest emo,9,,,
,1999,Central Reservation,Beth Orton,Electronic,Folktronica,9,,,
,1999,Le Tigre,Le Tigre,Rock,"Dance punk, Riot grrrl",9,,,
,1999,Black on Both Sides,Mos Def,Hip-hop,Conscious hip-hop,9,,,
,1999,Magnolia Movie Soundtrack,Aimee Mann,Original soundtrack,Alternative rock,8.5,,,
,1999,Sam Prekop,Sam Prekop,"Electronic, Jazz",,8.5,,,
,1999,Play,Moby,Electronic,,8,,,
,1998,Permutation,Amon Tobin,Electronic,drum and bass,9.5,,,
,1998,The Miseducation of Lauryn Hill,Lauryn Hill,"Hip-hop, Pop/R&B",Neo-soul,9.5,,,
,1998,In the Aeroplane over the Sea,Neutral Milk Hotel,Rock,,9.5,,,
,1998,Aquemini,Outkast,Hip-hop,,9.5,,,
,1998,Music has the right to children,Boards of Canada,Electronic,Ambient,9,,,
,1998,Stratosphere,Duster,Rock,,9,,,
,1998,Breath from Another,Esthero,Electronic,,9,,,
,1998,Ray of Light,Madonna,"Electronic, Pop/R&B",,9,,,
,1998,The Three E.P.’s,The Beta Band,Rock,,9,,,
,1998,TNT,Tortoise,"Electronic, Jazz",,9,,,
,1998,The Bed is in the Ocean,Karate,Rock,"Slowcore, jazz-rock",8.5,,,
,1998,Flux,Love Spirals Downwards,Rock,Shoegaze,8.5,,,
,1998,Clandestino,Manu Chao,"Rock, World",,8.5,,,
,1998,Never Say Never,Brandy,Pop/R&B,,8,,,
,1998,Expression of the inexpressable,Blonde Redhead,Rock,,8,,,
,1997,Homogenic,Bjork,"Electronic, Pop/R&B","Trip-hop, Glitch pop",9.5,,,
,1997,Buena Vista Social Club,Buena Vista Social Club,"World, Jazz",Cuban jazz,9.5,,,
,1997,Either/Or,Elliott Smith,Folk,Singer-songwriter,9.5,,,
,1997,The Velvet Rope,Janet Jackson,Pop/R&B,"R&B, trip-hop, house",9.5,,,
,1997,Lonesome Crowded West,Modest Mouse,Rock,Alternative rock,9.5,,,
,1997,OK Computer,Radiohead,"Electronic, Rock",Art rock,9.5,,,
,1997,Work and Non Work,Broadcast,Electronic,experimental pop,9,,,
,1997,Baduizm,Erykah Badu,Pop/R&B,Neo-soul,9,,,
,1997,Dots and Loops,Stereolab,Rock,experimental pop,9,,,
,1997,The Fawn,The Sea and Cake,Rock,Jazz rock,9,,,
,1997,I can hear the heart beating as one,Yo La Tengo,Rock,"Indie rock, Shoegaze",9,,,
,1997,Gay? EP,12 Rods,Rock,"Indie rock, Shoegaze",8.5,,,
,1997,Dare to be Surprised,Folk Implosion,Rock,Indie rock,8,,,
,1997,Hongkong Remastered,Monolake,Electronic,Techno,8,,,
,1997,Homework,Daft Punk,Electronic,,7,,,
,1996,One In A Million,Aaliyah,Pop/R&B,R&B,9.5,,,
,1996,The Score,Fugees,"Hip-hop, Pop/R&B",,9.5,,,
,1996,If You’re Feeling Sinister,Belle and Sebastian,"Folk, Rock",,9,,,
,1996,Beat,The Bowery Electric,Electronic,Trip-hop,9,,,
,1996,Pinkerton,Weezer,Rock,"Alternative rock, Powerpop",9,,,
,1996,Walking Wounded,Everything but the Girl,Electronic,"Techno, Trip-hop",8.5,,,
,1996,Long Season,Fishmans,Rock,"Dream pop, Psychedelic rock",8.5,,,
,1996,Ask me tomorrow,Mojave 3,Rock,"Dream pop, slowcore",8.5,,,
,1996,Tigermilk,Belle and Sebastian,"Folk, Rock",,8,,,
,1996,This is a long drive for someone with nothing to think about,Modest Mouse,Rock,Alternative rock,8,,,
,1996,Ridin' Dirty,UGK,Hip-hop,Southern hip-hop,8,,,
,1995,The Bends,Radiohead,Rock,Britpop,10,,,
,1995,Post,Bjork,"Electronic, Pop/R&B",Trip-hop,9.5,,,
,1995,To Bring you my Love,PJ Harvey,Rock,Blues rock,9.5,,,
,1995,Pygmalion,Slowdive,Rock,Dream pop,9.5,,,
,1995,Elliott Smith,Elliott Smith,Folk,,9,,,
,1995,Wrecking Ball,Emmylou Harris,"Country, Folk, Rock",Alt Country,9,,,
,1995,Different Class,Pulp,Rock,Britpop,9,,,
,1995,Temple IV,Roy Montgomery,Rock,Slowcore,9,,,
,1995,Ventolin,Aphex Twin,Electronic,,8.5,,,
,1995,Penthouse,Luna,Rock,,8.5,,,
,1995,Wowee Zowee,Pavement,Rock,,8.5,,,
,1995,Brown Sugar,D'Angelo,Pop/R&B,Neo-soul,8,,,
,1995,Pieces of You,Jewel,"Pop, Folk",Singer-songwriter,7,,,
,1994,Bee Thousand,Guided by Voices,Rock,Powerpop,9.5,,,
,1994,Grace,Jeff Buckley,Rock,Singer-songwriter,9.5,,,
,1994,The Downward Spiral,Nine Inch Nails,Rock,Industrial rock,9.5,,,
,1994,"Crooked Rain, Crooked Rain",Pavement,Rock,Alternative rock,9.5,,,
,1994,Dummy,Portishead,"Electronic, Rock",Trip-hop,9.5,,,
,1994,Live Through This,Hole,Rock,"Punk, Grunge",9.5,,,
,1994,Dubnobasswithmyheadman,Underworld,Electronic,,9.5,,,
,1994,There's nothing wrong with love,Built to Spill,Rock,"Indie rock, Power pop",9,,,
,1994,Hex,Bark Psychosis,Rock,,9,,,
,1994,Illmatic,Nas,Hip-hop,,9,,,
,1994,Diary,Sunny Day Real Estate,Rock,Midwest emo,9,,,
,1994,Ready to Die,The Notorious B.I.G.,Hip-hop,,8.5,,,
,1994,Crazysexycool,TLC,"Hip-hop, Pop/R&B",R&B,8.5,,,
,1994,New Plastic Ideas,Unwound,Rock,"Post Rock, Post hardcore",8.5,,,
,1994,Amor Prohibido,Selena,Pop/R&B,,8,,,
Slowcore/4AD Goth,1993,So Tonight That I Might See,Mazzy Star,Rock,"Dream pop, Slowcore",9.5,,,
,1993,Rid of Me,PJ Harvey,Rock,"Blues rock, post punk",9.5,,,
,1993,Last Splash,The Breeders,Rock,"Noise pop, Alternative rock",9.5,,,
,1993,Enter the Wu-Tang (36 Chambers),Wu-Tang Clan,Hip-hop,,9.5,,,
,1993,Mercury,American Music Club,Rock,Slowcore,9,,,
,1993,Extra Painful,Yo La Tengo,Rock,,9,,,
,1993,Icky Mettle,Archers of Loaf,Rock,Noise rock,9,,,
,1993,Souvlaki,Slowdive,Rock,Dream pop,9,,,
,1993,Siamese Dream,Smashing Pumpkins,Rock,,9,,,
,1993,Exile in Guyville,Liz Phair,Rock,,8.5,,,
,1993,Ultimate Alternative Wavers,Built to Spill,Rock,Indie rock,8,,,
,1993,Strumpet,Lois,Rock,Indie Pop,8,,,
,1993,Bubble & Scrape,Sebadoh,Rock,Alternative rock,8,,,
,1993,Star,Belly,Rock,"dream pop, folk rock",7.5,,,
,1993,Pablo Honey,Radiohead,Rock,,7,,,
,1992,Love Deluxe,Sade,Pop/R&B,Trip-hop,9.5,,,
,1992,Selected Ambient Works 85-92,Aphex Twin,Electronic,,9,,,
,1992,Erotica,Madonna,"Pop/R&B, Electronic","Trip-hop, House",9,,,
,1992,Slanted and Enchanted,Pavement,Rock,,9,,,
,1992,Melting moment,Poison Girl Friend,"Electronic, Pop/R&B",Trip-hop,9,,,
,1992,Dirt,Alice in Chains,Rock,"Hard rock, Alternative metal",8.5,,,
,1992,The Chronic,Dr. Dre,Hip-hop,,8.5,,,
,1992,I am the Cosmos,Chris Bell,Rock,,8,,,
,1992,Mother of All Saints,Thinking Fellers Union Local 282,"Experimental, Rock",Noise rock,8,,,
Grunge,1991,The Low End Theory,A Tribe Called Quest,Hip-hop,Jazz Rap,9.5,,,
,1991,Loveless,My Bloody Valentine,Rock,Shoegaze,9.5,,,
,1991,Laughing Stock,Talk Talk,"Rock, Jazz","Post Rock, Ambient",9.5,,,
,1991,Blue Lines,Massive Attack,"Electronic, Rock",Trip-hop,9,,,
,1991,Nevermind,Nirvana,Rock,Grunge,9,,,
,1991,Spiderland,Slint,Rock,Post-Hardcore,9,,,
,1991,Gish,Smashing Pumpkins,Rock,Alternative rock,8.5,,,
,1991,Bandwagonesque,Teenage Fanclub,Rock,Indie pop,8.5,,,
,1991,O.G. Original Gangster,Ice-T,Hip-hop,,8,,,
,1991,Ten,Pearl Jam,"Folk, Rock",Grunge,6,,,
,1990,Heaven or Las Vegas,Cocteau Twins,Rock,Dream pop,9.5,,,
,1990,People's Instinctive Travels and the Paths of Rhythm,A Tribe Called Quest,Hip-hop,,9,,,
,1990,She hangs brightly,Mazzy Star,Rock,Dream pop,9,,,
,1990,Fear of A Black Planet,Public Enemy,Hip-hop,,9,,,
,1990,"Reading, Writing and Arithmetic",The Sundays,Rock,Twee pop,9,,,
,1990,Pod,The Breeders,Rock,,8.5,,,
,1990,The La's,The La's,Rock,,8.5,,,
,1990,Goo,Sonic Youth,Rock,Alternative rock,8,,,
,1990,No Depression,Uncle Tupelo,"Country, Rock",,8,,,
,1990,"Beers, Steers and Queers",Revolting Cocks,Rock,Industrial rock,7.5,,,
,1989,Straight Outta Compton,N.W.A.,Hip-hop,,9.5,,,
,1989,Doolittle,Pixies,Rock,Alternative rock,9.5,,,
,1989,The Stone Roses,The Stone Roses,Rock,Britpop,9.5,,,
,1989,Rhythm Nation 1814,Janet Jackson,Pop/R&B,,9,,,
,1989,Pretty Hate Machine,Nine Inch Nails,Rock,"Industrial rock, Synthpop",9,,,
,1989,Hats,The Blue Nile,"Pop/R&B, Rock",,9,,,
,1989,13 songs,Fugazi,Rock,Alternative rock,8.5,,,
,1989,Bleach,Nirvana,Rock,Grunge,8,,,
,1989,Tweez,Slint,Rock,Post-hardcore,8,,,
Foundational Period II (noise/shoegaze/C86),1988,Spirit of Eden,Talk Talk,"Jazz, Rock",Post Rock,10,,,
,1988,Daydream Nation,Sonic Youth,Rock,,9.5,,,
,1988,Nothing's shocking,Jane's Addiction,Rock,Alternative rock,9,,,
,1988,I'm your man,Leonard Cohen,Pop,Synthpop,9,,,
,1988,Isn’t Anything,My Bloody Valentine,Rock,Shoegaze,8.5,,,
,1988,Surfer Rosa,Pixies,Rock,,8.5,,,
,1988,Tracy Chapman,Tracy Chapman,"Rock, Folk",Alternative rock,8.5,,,
,1987,You’re living all over me,Dinosaur Jr.,Rock,Alternative rock,9.5,,,
,1987,Sister,Sonic Youth,Rock,"Noise rock, Post Punk",9,,,
,1987,Paid in Full,Eric B. & Rakim,Hip-hop,,8,,,
,1986,Control,Janet Jackson,Pop/R&B,,9,,,
,1986,EVOL,Sonic Youth,Rock,"Alternative rock, No wave, Noise rock",9,,,
,1986,Diamond Life,Sade,Pop/R&B,"R&B, Soul",8.5,,,
,1986,Atomizer,Big Black,Rock,"Industrial, Hardcore punk",8,,,
,1986,Graceland,Paul Simon,Pop/R&B,"Synthpop, World music",7,,,
Foundational Period I (College Rock),1985,Hounds of Love,Kate Bush,Pop/R&B,Art pop,9.5,,,
,1985,Cupid & Psyche 85,Scritti Politi,Pop/R&B,Synthpop,9,,,
,1985,Steve McQueen,Prefab Sprout,Pop/R&B,"Synthpop, Sophistipop",9,,,
,1985,Tim,The Replacements,Rock,Alternative rock,8.5,,,
,1985,Rites of Spring,Rites of Spring,Rock,Alternative rock,8,,,
,1984,Let it Be,The Replacements,Rock,Alternative rock,9.5,,,
,1984,Born in the U.S.A.,Bruce Springsteen,"Pop/R&B, Rock","Heartland rock, Singer-songwriter",9,,,
,1984,Purple Rain,Prince,"Pop/R&B, Rock",,9,,,
,1984,Songs from Suicide Bridge,"David Kauffman, Eric Caboor",Folk,Slowcore,8.5,,,
,1984,Zen Arcade,Husker Du,Rock,Hardcore punk,8.5,,,
,1984,Double Nickels On The Dime,Minutemen,Rock,,8.5,,,
,1984,From Her to Eternity,Nick Cave and the Bad Seeds,Rock,Singer-songwriter,8,,,
,1984,Ocean Rain,Echo & the Bunnymen,Rock,"Alternative rock, Goth rock",7,,,
,1983,Murmur,R.E.M.,Rock,"Alternative rock, Jangle pop",9.5,,,
,1983,Madonna,Madonna,Pop/R&B,Disco,9,,,
,1983,Sweet Dreams (Are Made of This),Eurythmics,Pop/R&B,"New wave, Synthpop",8.5,,,
,1983,II,Meat Puppets,Rock,"Alternative rock, Country punk",8.5,,,
,1983,Filth,Swans,"Rock, Experimental",Industrial,8.5,,,
,1983,Violent Femmes,Violent Femmes,Rock,"Alternative rock, Folk punk",8.5,,,
Primordial Period (Hardcore/No Wave),1982,The Days of Wine and Roses,The Dream Syndicate,Rock,Alternative rock,9,,,
,1982,Behind the Magnolia Curtain,Tav Falco Panther Burns,"Rock, Country",Garage rock,8.5,,,
,1982,Nothing can stop us,Robert Wyatt,"Rock, Experimental",Art rock,8.5,,,
,1982,Milo Goes to College,Descendants,Rock,,8,,,
,1982,After the Snow,Modern English,Pop/R&B,New wave,7.5,,,
,1982,Sulk,Associates,Pop/R&B,Synthpop,7,,,
,1982,Rio,Duran Duran,Pop/R&B,Synthpop,7,,,
,1981,Computer World,Kraftwerk,Electronic,Synthpop,9,,,
,1981,BGM,Yellow Magic Orchestra,"Electronic, Rock",Synthpop,9,,,
,1981,"Signals, Calls and Marches",Mission of Burma,Rock,Alternative rock,8.5,,,
,1981,Architecture And Morality,Orchestral Manoeuvres In The Dark,Pop/R&B,Synthpop,8.5,,,
,1981,Dare,The Human League,Pop/R&B,Synthpop,8.5,,,
,1981,Youth of America,Wipers,Rock,Alternative rock,8.5,,,
,1980,Ambient 2,Brian Eno & Harold Budd,Electronic,Ambient,9,,,
,1980,Closer,Joy Division,Rock,"Post Punk, Goth rock",9,,,
,1980,Seventeen Seconds,The Cure,Rock,Goth rock,9,,,
,1980,The Return of the Durutti Column,The Durutti Column,Rock,Dream pop,9,,,
,1980,Gaucho,Steely Dan,Rock,Yacht rock,8.5,,,
,1980,Crazy Rhythms,The Feelies,Rock,Alternative rock,8.5,,,
,1980,R.N.A. meets P.O.P.O.,R.N.A. Organisms,"Electronic, Experimental",,8,,,
Post Punk,1979,Entertainment!,Gang of Four,Rock,Post Punk,9.5,,,
,1979,This Heat,This Heat,Experimental,,9.5,,,
,1979,Risque,Chic,Pop/R&B,Disco,9,,,
,1979,Second Edition,Public Image Ltd.,Rock,Post Punk,9,,,
,1979,Nice Guys,The Art Ensemble of Chicago,"Jazz, World",Free jazz,9,,,
,1979,Anonym,Tolerance,Experimental,Ambient,9,,,
,1979,Colossal Youth,Young Marble Giants,Rock,Post Punk,9,,,
,1979,Tusk,Fleetwood Mac,Pop/R&B,Soft rock,8.5,,,
,1979,Mingus,Joni Mitchell,Jazz,,8.5,,,
,1979,The B-52's,The B-52's,Rock,"Post Punk, New Wave",8.5,,,
,1979,20 Funk Jazz Greats,Throbbing Gristle,Electronic,Industrial,8.5,,,
,1979,Off the Wall,Michael Jackson,Pop/R&B,Disco,8,,,
,1979,Live At The Witch Trials,The Falls,Rock,"Art punk, Post Punk",7.5,,,
,1978,Music for 18 Musicians,Steve Reich,Classical,Minimalism,9.5,,,
,1978,Third,Big Star,Rock,Powerpop,9,,,
,1978,Al Final de este viaje...,Silvio Rodríguez,Folk,,9,,,
,1978,Ambient1: Music for Airports,Brian Eno,"Electronic, Experimental",Ambient,8,,,
,1978,Dire Straits,Dire Straits,Rock,,8,,,
,1978,This Year’s Model,Elvis Costello,Rock,Powerpop,8,,,
,1978,Dub Housing,Pere Ubu,Rock,"Art punk, Post Punk",8,,,
,1978,The Scream,Siouxsie and the Banshees,Rock,Post Punk,8,,,
,1978,More Songs About Buildings and Food,Talking Heads,Rock,New wave,8,,,
Punk,1977,Trans-Europ-Express,Kraftwerk,Electronic,Electropop,9.5,,,
,1977,Concerto Grosso No.1,Alfred Schnittke,Classical,,9,,,
,1977,Marquee Moon,Television,Rock,,9,,,
,1977,Music From the Penguin Cafe,The Penguin Cafe Orchestra,"Classical, Folk",,9,,,
,1977,Before and After Science,Brian Eno,"Electronic, Rock","Art rock, Ambient",8.5,,,
,1977,Low,David Bowie,Rock,,8.5,,,
,1977,Lust for Life,Iggy Pop,Rock,Protopunk,8.5,,,
,1977,Aja,Steely Dan,Rock,jazz rock,8.5,,,
,1977,Pink Flag,Wire,Rock,"Art punk, Punk",7.5,,,
,1976,Hejira,Joni Mitchell,Folk,Singer-songwriter,9,,,
,1976,Africa Brasil,Jorge Ben,World,"MPB, Funk",9,,,
,1976,Ramones,Ramones,Rock,Punk,8.5,,,
,1976,Blondie,Blondie,Rock,,8,,,
,1976,Frampton Comes Alive!,Peter Frampton,Rock,,7.5,,,
,1976,Legalize It,Peter Tosh,World,Reggae,7.5,,,
,1976,The Modern Lovers,The Modern Lovers,Rock,,6,,,
Early Influences,1975,Another Green World,Brian Eno,"Electronic, Experimental",,9.5,,,
,1975,The Hissing of Summer Lawns,Joni Mitchell,"Jazz, Pop/R&B",Art pop,9.5,,,
,1975,Horses,Patti Smith,Rock,Punk,9.5,,,
,1975,Inter-Dimensional Music,Iasos,Experimental,New-age,8.5,,,
,1975,The Köln Concert,Keith Jarrett,Jazz,,8.5,,,
,1975,A Quiet Storm,Smokey Robinson,Pop/R&B,soul,8.5,,,
,1975,Radio-activity,Kraftwerk,Electronic,,7.5,,,
,1974,Winter in America,Gil-Scott Heron & Brian Jackson,"Jazz, Pop/R&B",progressive soul,10,,,
,1974,The Colours of Chloe,Eberhard Weber,"Classical, Jazz",,9,,,
,1974,Autobahn,Kraftwerk,Electronic,,9,,,
,1974,On the Beach,Neil Young,Rock,Singer-songwriter,9,,,
,1974,Rock Bottom,Robert Wyatt,"Rock, Electronic",Art rock,9,,,
,1974,Radio City,Big Star,Rock,Powerpop,8.5,,,
,1974,I Want to See the Bright Lights Tonight,Richard and Linda Thompson,Rock,Folk rock,8.5,,,
,1974,Court and Spark,Joni Mitchell,"Jazz, Pop/R&B",,8,,,
,1974,Sparks,Kimono My House,"Pop/R&B, Rock",,7.5,,,
,1973,The Dark Side of the Moon,Pink Floyd,Rock,Progressive Rock,9.5,,,
,1973,Innervisions,Stevie Wonder,Pop/R&B,"Progressive Soul, R&B, Soul",9.5,,,
,1973,Faust IV,Faust,Rock,"Krautrock, Progressive Rock",9,,,
,1973,Solid Air,John Martyn,"Folk, Jazz, Rock",Singer-songwriter,9,,,
,1973,Heart Food,Judee Sill,Folk,"Progressive Folk, Singer-songwriter",9,,,
,1973,Phaedra,Tangerine Dream,Electronic,"Ambient, Krautrock, Progressive Rock",9,,,
,1973,Fire of God's Love,Sister Irene O'Connor,"Pop/R&B, Experimental",Religious?,8.5,,,
,1973,Space Ritual,Hawkwind,Rock,"Progressive Rock, Psychedelic rock",8.5,,,
,1973,Tubular Bells,Mike Oldfield,Rock,"Progressive Rock, New-age",8.5,,,
,1972,Clube da Esquina,Milton Nascimiento & Lo Borges,Pop/R&B,,9,,,
,1972,Harvest,Neil Young,Folk,Singer-songwriter,9,,,
,1972,Pink Moon,Nick Drake,Folk,Singer-songwriter,9,,,
,1972,Let’s Stay Together,Al Green,Pop/R&B,R&B,8,,,
,1972,#1 Record,Big Star,"Pop/R&B, Rock",,8,,,
,1972,Roxy Music,Roxy Music,Rock,,8,,,
,1972,Something/Anything?,Todd Rundgren,"Pop/R&B, Rock",,8,,,
,1971,Tago Mago,Can,"Electronic, Experimental",,9.5,,,
,1971,Nilsson Schmilsson,Harry Nilsson,"Pop/R&B, Rock",Baroque pop,9.5,,,
,1971,Tapestry,Carole King,Pop/R&B,"Singer-songwriter, Soft rock",9,,,
,1971,Blue,Joni Mitchell,Folk,Singer-songwriter,9,,,
,1971,Judee Sill,Judee Sill,Folk,Progressive Folk,9,,,
,1971,Led Zeppelin IV,Led Zeppelin,Rock,,9,,,
,1971,Surf’s up,The Beach Boys,Pop/R&B,,9,,,
,1971,In My Own Time,Karen Dalton,Folk,,8.5,,,
,1971,American Pie,Don McLean,Rock,,8,,,
,1971,Maggot Brain,Funkadelic,Rock,"Funk, Progressive Rock",8,,,
,1971,White Light,Gene Clark,Folk,,6,,,
,1970,Parralellograms,Linda Perhacs,Folk,Baroque folk,9,,,
,1970,Bitches Brew,Miles Davis,Jazz,,9,,,
,1970,Bryter Layter,Nick Drake,"Folk, Pop/R&B","Baroque pop, Singer-songwriter",9,,,
,1970,Bridge over troubled water,Simon and Garfunkel,"Pop/R&B, Rock",,9,,,
,1970,Cantiga de Longe,Edu Lobo,Pop/R&B,,8.5,,,
,1970,After the Gold Rush,Neil Young,Folk,Singer-songwriter,8,,,
,1970,Stephen Stills,Stephen Stills,"Folk, Rock",Singer-songwriter,8,,,
,1970,Just Another Diamon Day,Vashti Bunyan,Folk,,8,,,
,1970,Diana Ross,Diana Ross,Pop/R&B,,7.5,"""Ain't no mountain high enough""",,
,1970,Starsailor,Tim Buckley,Rock,Experimental Rock,7.5,,,
,1970,American Beauty,The Grateful Dead,Rock,,7,,,
,1969,Five Leaves Left,Nick Drake,Folk,Singer-songwriter,10,,,
,1969,In a Silent Way,Miles Davis,Jazz,,9.5,,,
,1969,Everybody Knows This is Nowhere,Neil Young & Crazy Horse,"Folk, Rock",Singer-songwriter,9.5,,,
,1969,Karma,Pharoah Sanders,Jazz,,9.5,,,
,1969,Unhalfbricking,Fairport Convention,"Folk, Rock",,9,,,
,1969,Hot Buttered Soul,Isaac Hayes,Pop/R&B,Progressive Soul,9,,,
,1969,New York Tendaberry,Laura Nyro,Pop/R&B,,8.5,,,
,1969,Dusty in Memphis,Dusty Springfield,Pop/R&B,Soul,8.5,,,
,1969,Tommy,The Who,Rock,Progressive Rock,8.5,,,
,1969,Nashville Skyline,Bob Dylan,Country,,7.5,,,
,1969,"Crosby, Stills and Nash","Crosby, Stills and Nash","Folk, Rock",Folk rock,8,,,
,1969,Bayou Country,Creedence Clearwater Revival,Rock,,7.5,,,
,1969,Arthur,The Kinks,Rock,,7,,,
,1969,Chicago Transit Authority,Chicago,Rock,,6.5,,,
,1969,Philosophy of the World,The Shaggs,Experimental,,5,,,
,1968,Eli and the Thirteenth Confession,Laura Nyro,Pop/R&B,"Baroque pop, Progressive Pop",9,,,
,1968,The Delta Sweete,Bobbie Gentry,Country,"Country pop, Psychedlic Folk",9,,,
,1968,Os Mutantes,Os Mutantes,Rock,"Tropicalia, Psychedelic Pop",9,,,
,1968,Silver Apples,Silver Apples,"Rock, Electronic",,9,,,
,1968,Begin,The Millenium,"Rock, Pop/R&B",,9,,,
,1968,Astral Weeks,Van Morrison,Folk,,9,,,
,1968,Caetano Veloso,Caetano Veloso,Pop/R&B,"Tropicalia, Psychedelic Pop",8.5,,,
,1968,Music from the Big Pink,The Band,Rock,"Folk rock, Roots rock",8,,,
,1968,Beggars' Banquet,The Rolling Stones,Rock,"Folk rock, Roots rock",7,,,
,1967,Songs of Leonard Cohen,Leonard Cohen,Folk,Singer-songwriter,9.5,,,
,1967,St. Peppers' Lonely Hearts Club Band,The Beatles,"Rock, Pop/R&B",,9.5,,,
,1967,The Velvet Underground & Nico,The Velvet Underground & Nico,Rock,,9.5,,,
,1967,Buffalo Springfield Again,Buffalo Springfield,Rock,Folk rock,9,,,
,1967,Chelsea Girl,Nico,Rock,,9,,,
,1967,Pleasures of the Harbour,Phil Ochs,Folk,Baroque folk,8.5,,,
,1967,Forever Changes,Love,"Rock, Folk",Psychedelic folk,8,,,
,1966,Pet Sounds,The Beach Boys,Pop/R&B,Baroque pop,10,,,
,1966,Wild is the Wind,Nina Simone,"Jazz, Pop/R&B",,9.5,,,
,1966,Fred Neil,Fred Neil,"Rock, Folk",Folk rock,8.5,,,
,1966,Sunshine Superman,Donovan,"Folk, Pop/R&B",Psychedelic pop,8,,,
,1965,A Love Supreme,John Coltrane,Jazz,,9.5,,,
,1965,Bert Jansch,Bert Jansch,Folk,,9,,,
,1965,Maiden Voyage,Herbie Hancock,Jazz,,9,,,
,1965,The Beach Boys Today!,The Beach Boys,Pop/R&B,,9,,,
,1965,Here are the Sonics!,The Sonics,Rock,Garage rock,8,,,
,1964,Presenting the Fabulous Ronettes featuring Veronica,The Ronettes,Pop/R&B,,9,,,
,1964,Make way for Dionne Warwick,Dionne Warwick,Pop/R&B,Pop soul,8.5,,,
,1964,The Times They Are Changing,Bob Dylan,Folk,,7.5,,,
,1963,A Christmas Gift for you from Phil Spector,Phil Spector,Pop/R&B,,9,,,
,1963,A Charlie Brown Christmas,Vince Guaraldi,Jazz,,9,,,
,1963,Fantasias for Guitar and Banjo,Sandy Bull,Folk,,8.5,,,
,1963,In Dreams,Roy Orbison,Pop/R&B,,8,,,
,1963,I’ll Cry if I Want to,Lesley Gore,Pop/R&B,,7.5,,,
,1962,Green Onions,Brook T & The MGs,Pop/R&B,R&B,8.5,,,
,1962,Surfer's Choice,Dick Dale,"Pop/R&B, Rock",surf rock,8.5,,,
,1962,Surfin’ Safari,The Beach Boys,Pop/R&B,surf rock,7,,,
,1961,Eastern Sounds,Yusef Lateef,Jazz,,9.5,,,
,1961,Showcase,Patsy Cline,"Pop/R&B, Country",,8.5,,,
,1960,Miriam Makeba,Miriam Makeba,"Pop/R&B, World",world music,9,,,
,1960,Sketches of Spain,Miles Davis,Jazz,,8.5,,,
,1960,Joan Baez,Joan Baez,Folk,,8,,,
,1959,Kind of Blue,Miles Davis,Jazz,,9.5,,,
,1959,Mingus Ah Um,Charles Mingus,Jazz,,9,,,
,1956,Elvis Presley,Elvis Presley,"Pop/R&B, Rock",rockabilly,9,,,
,1955,Julie is her name,Julie London,"Jazz, Pop/R&B",Vocal Jazz,9,,,
,1954,"How Sad, How Lovely",Connie Converse,Folk,,9.5,,,